{"\u041f": 0.02316076294277929, "\u0420": 0.051771117166212535, "\u0418": 0.047683923705722074, " ": 0.14168937329700274, "\u0412": 0.0340599455040872, "\u0414": 0.01907356948228883, "\u041e": 0.0776566757493188, "\u0425": 0.014986376021798364, "\u0415": 0.08174386920980926, "\u0423": 0.025885558583106268, "\u0410": 0.07220708446866485, "\u041a": 0.02861035422343324, "\u041b": 0.031335149863760216, "\u0421": 0.03678474114441417, "\u0428": 0.0027247956403269754, "\u042f": 0.017711171662125342, "\u0422": 0.06130790190735695, "\u0413": 0.013623978201634877, "\u0427": 0.006811989100817439, "\u041d": 0.047683923705722074, "\u0411": 0.025885558583106268, "\u042c": 0.008174386920980926, ",": 0.010899182561307902, "\u0417": 0.01226158038147139, "\u042b": 0.03678474114441417, "\u0426": 0.0027247956403269754, "\u0401": 0.0027247956403269754, "\u041c": 0.01634877384196185, "\u0416": 0.02452316076294278, ";": 0.0027247956403269754, "\u042e": 0.006811989100817439, "\u0429": 0.0027247956403269754, ".": 0.004087193460490463, "\u0419": 0.0027247956403269754, "\u042a": 0.0013623978201634877, "\u042d": 0.0013623978201634877, "\u0424": 0.0013623978201634877}